[
  {
    "file": "data\\acute_hyperglycemic_crisis.txt",
    "title": "FILENAME: acute_hyperglycemic_crisis.txt",
    "author": "",
    "date": "",
    "url": "",
    "headers": [
      "1. DIABETIC KETOACIDOSIS (DKA)",
      "2. HYPEROSMOLAR HYPERGLYCEMIC STATE (HHS)",
      "3. TREATMENT (HOSPITAL)"
    ],
    "category": "",
    "full_text": "FILENAME: acute_hyperglycemic_crisis.txt\nSUBJECT: DKA vs. HHS (Emergency Conditions)\n\n1. DIABETIC KETOACIDOSIS (DKA)\n-----------------------------------------------------------------------------\n* **Patient:** Mostly Type 1 (rarely Type 2).\n* **Mechanism:** Absolute lack of insulin. Body burns fat for fuel -> Ketones produced -> Blood becomes acidic.\n* **Onset:** Rapid (<24 hours).\n* **Signs:** Fruity breath, Kussmaul breathing (deep/fast), High Ketones, pH <7.3.\n\n2. HYPEROSMOLAR HYPERGLYCEMIC STATE (HHS)\n-----------------------------------------------------------------------------\n* **Patient:** Type 2 (usually elderly).\n* **Mechanism:** Severe dehydration and massive hyperglycemia (>600 mg/dL). There is just enough insulin to stop ketones, but not enough to lower sugar.\n* **Onset:** Gradual (days to weeks).\n* **Signs:** Profound dehydration, confusion/coma, NO Ketones.\n\n3. TREATMENT (HOSPITAL)\n-----------------------------------------------------------------------------\n* **Fluids:** Aggressive IV saline rehydration (Priority #1).\n* **Electrolytes:** Potassium replacement.\n* **Insulin:** IV insulin infusion (drip)."
  },
  {
    "file": "data\\cardiovascular_diabetes_li.txt",
    "title": "FILENAME: cardiovascular_diabetes_link.txt",
    "author": "",
    "date": "",
    "url": "",
    "headers": [
      "1. THE MECHANISM"
    ],
    "category": "",
    "full_text": "FILENAME: cardiovascular_diabetes_link.txt\nSUBJECT: Macrovascular Complications\nSTATISTIC: CVD is the #1 cause of death in people with diabetes.\n\n1. THE MECHANISM\n-----------------------------------------------------------------------------\n* **Glycation:** Sugar sticks to LDL cholesterol, making it smaller and denser (\"small dense LDL\").\n* **Oxidation:** This sugar-coated LDL easily penetrates artery walls.\n* **Inflammation:** High sugar damages the endothelial lining of blood vessels, creating rough spots where plaque accumulates.\n* **Result:** Accelerated Atherosclerosis (hardening of arteries).\n\n2. ABCs OF HEART PROTECTION\n-----------------------------------------------------------------------------\n* **A1c:** Manage blood sugar.\n* **Blood Pressure:** Target <130/80 mmHg.\n* **Cholesterol:** Most diabetics over age 40 are recommended a Statin therapy regardless of cholesterol levels.\n* **Smoking:** Cessation is the single most effective intervention."
  },
  {
    "file": "data\\cdc_type2_basics.txt",
    "title": "FILENAME: cdc_type2_basics.txt",
    "author": "",
    "date": "",
    "url": "",
    "headers": [
      "1. WHAT IS TYPE 2 DIABETES?",
      "2. RISK FACTORS",
      "You are at higher risk for developing Type 2 diabetes if you:",
      "3. SYMPTOMS",
      "4. DIAGNOSIS (A1C TEST)",
      "5. PREVENTION & MANAGEMENT",
      "6. COMPLICATIONS",
      "Uncontrolled high blood sugar can lead to:",
      "END OF FILE"
    ],
    "category": "",
    "full_text": "FILENAME: cdc_type2_basics.txt\nSOURCE: Centers for Disease Control and Prevention (CDC)\nSUBJECT: Type 2 Diabetes Mellitus - Basics, Risk, and Diagnosis\n\n1. WHAT IS TYPE 2 DIABETES?\n-----------------------------------------------------------------------------\nType 2 diabetes is a chronic condition that affects how the body processes \nblood sugar (glucose). \n\n* **Insulin Resistance:** The body does not use insulin properly. The \n    pancreas tries to make extra insulin to compensate, but eventually, it \n    cannot keep up, and blood sugar levels rise.\n* **Prevalence:** It accounts for approximately 90-95% of all diagnosed \n    cases of diabetes.\n\n2. RISK FACTORS\n-----------------------------------------------------------------------------\nYou are at higher risk for developing Type 2 diabetes if you:\n\n* **Have Prediabetes:** Blood sugar is higher than normal but not yet high \n    enough to be diagnosed as diabetes.\n* **Are Overweight:** Being overweight or having obesity is a primary risk.\n* **Age:** Are age 45 or older.\n* **Family History:** Have a parent, brother, or sister with type 2 diabetes.\n* **Activity Level:** Are physically active less than 3 times a week.\n* **Gestational History:** Have ever had gestational diabetes (during \n    pregnancy) or gave birth to a baby who weighed over 9 pounds.\n* **Ethnicity:** Are African American, Hispanic/Latino, American Indian, \n    or Alaska Native. (Some Pacific Islanders and Asian Americans are also \n    at higher risk).\n\n3. SYMPTOMS\n-----------------------------------------------------------------------------\nSymptoms often develop slowly over several years. Many people have no \nsymptoms until health problems occur.\n\n* Frequent urination (often at night).\n* Excessive thirst.\n* Unexplained weight loss.\n* Very hungry.\n* Blurry vision.\n* Numbness or tingling in hands or feet.\n* Feeling very tired (fatigue).\n* Very dry skin.\n* Sores that heal slowly.\n* More infections than usual.\n\n4. DIAGNOSIS (A1C TEST)\n-----------------------------------------------------------------------------\nThe A1C test measures your average blood sugar level over the past 2 to 3 \nmonths.\n\n| Diagnosis    | A1C Level        |\n|--------------|------------------|\n| Normal       | Below 5.7%       |\n| Prediabetes  | 5.7% \u2013 6.4%      |\n| Diabetes     | 6.5% or higher   |\n\n*Note: Fasting Plasma Glucose (FPG) and Oral Glucose Tolerance Tests (OGTT) \nare also used for diagnosis.*\n\n5. PREVENTION & MANAGEMENT\n-----------------------------------------------------------------------------\nType 2 diabetes can often be prevented or delayed with lifestyle changes.\n\nA. Healthy Eating\n   - Focus on non-starchy vegetables (leafy greens, peppers, broccoli).\n   - Choose whole grains over refined grains.\n   - Limit added sugars and refined carbohydrates.\n\nB. Physical Activity\n   - Goal: At least 150 minutes of moderate-intensity activity (like brisk \n     walking) per week.\n   - Strength training 2 days a week is also recommended.\n\nC. Weight Loss\n   - Losing a modest amount of weight (5% to 7% of total body weight) can \n     significantly lower the risk. \n     *Example: For a 200 lb person, this is a loss of 10-14 lbs.*\n\n6. COMPLICATIONS\n-----------------------------------------------------------------------------\nUncontrolled high blood sugar can lead to:\n* Heart disease and stroke.\n* Kidney disease (Chronic Kidney Disease).\n* Eye problems (Retinopathy, Cataracts, Glaucoma).\n* Nerve damage (Neuropathy).\n* Foot health issues (can lead to amputation if untreated).\n* Gum disease and dental problems.\n\n-----------------------------------------------------------------------------\nEND OF FILE"
  },
  {
    "file": "data\\diabetic_foot_care.txt",
    "title": "FILENAME: diabetic_foot_care.txt",
    "author": "",
    "date": "",
    "url": "",
    "headers": [
      "1. THE \"DAILY INSPECTION\" PROTOCOL",
      "2. FOOTWEAR RULES",
      "3. HYGIENE"
    ],
    "category": "",
    "full_text": "FILENAME: diabetic_foot_care.txt\nSUBJECT: Prevention of Ulcers and Amputation\nRISK FACTORS: Neuropathy (Loss of sensation) + PAD (Poor blood flow)\n\n1. THE \"DAILY INSPECTION\" PROTOCOL\n-----------------------------------------------------------------------------\nSince nerves may be damaged, pain is not a reliable warning sign. You must use your eyes.\n* **Check:** Bottoms of feet (use a mirror), between toes, and heels.\n* **Look for:** Cuts, blisters, redness, swelling, or ingrown nails.\n\n2. FOOTWEAR RULES\n-----------------------------------------------------------------------------\n* **Shake:** Shake out shoes before putting them on (a pebble could cause a wound you can't feel).\n* **Socks:** Wear white (to see blood/drainage) and seamless (to prevent rubbing) socks.\n* **No Barefoot:** Never walk barefoot, even indoors.\n\n3. HYGIENE\n-----------------------------------------------------------------------------\n* Wash feet daily in lukewarm water (test temp with elbow, not foot).\n* Dry thoroughly *between* the toes (moisture leads to fungal infection).\n* Apply lotion to tops and bottoms, but **never** between toes."
  },
  {
    "file": "data\\diabetic_nephropathy.txt",
    "title": "FILENAME: diabetic_nephropathy.txt",
    "author": "",
    "date": "",
    "url": "",
    "headers": [
      "1. PATHOPHYSIOLOGY",
      "2. STAGES OF DAMAGE",
      "3. MANAGEMENT"
    ],
    "category": "",
    "full_text": "FILENAME: diabetic_nephropathy.txt\nSUBJECT: Chronic Kidney Disease (CKD) in Diabetes\nTYPE: Microvascular Complication\n\n1. PATHOPHYSIOLOGY\n-----------------------------------------------------------------------------\n* **Hyperfiltration:** High blood sugar increases the pressure inside the kidney's filters (Glomeruli).\n* **Damage:** Over time, this high pressure damages the filtration barrier.\n* **Leakage:** Proteins (Albumin) that should stay in the blood start leaking into the urine.\n\n2. STAGES OF DAMAGE\n-----------------------------------------------------------------------------\n1.  **Microalbuminuria:** Small amounts of albumin in urine (30\u2013300 mg/day). Reversible.\n2.  **Macroalbuminuria:** Large amounts of albumin (>300 mg/day).\n3.  **Declining GFR:** The Glomerular Filtration Rate drops; waste builds up in blood.\n4.  **ESRD:** End-Stage Renal Disease requiring dialysis or transplant.\n\n3. MANAGEMENT\n-----------------------------------------------------------------------------\n* **BP Control:** Strict blood pressure control (<130/80).\n* **ACE Inhibitors / ARBs:** (e.g., Lisinopril, Losartan). These drugs dilate the efferent arteriole, lowering pressure *inside* the kidney.\n* **SGLT2 Inhibitors:** Proven to slow the progression of CKD."
  },
  {
    "file": "data\\diabetic_retinopathy.txt",
    "title": "FILENAME: diabetic_retinopathy.txt",
    "author": "",
    "date": "",
    "url": "",
    "headers": [
      "1. OVERVIEW",
      "2. PATHOPHYSIOLOGY (THE MECHANISM OF LEAKAGE)",
      "3. STAGES OF PROGRESSION",
      "4. SPECIFIC COMPLICATION: DIABETIC MACULAR EDEMA (DME)",
      "5. SYMPTOMS",
      "Early stages are often asymptomatic (silent). As it advances:",
      "6. TREATMENTS",
      "END OF FILE"
    ],
    "category": "",
    "full_text": "FILENAME: diabetic_retinopathy.txt\nSUBJECT: Diabetic Retinopathy (Eye Disease)\nTYPE: Microvascular Complication\nSEVERITY: Leading cause of blindness in working-age adults (20-74).\n\n1. OVERVIEW\n-----------------------------------------------------------------------------\nDiabetic Retinopathy damages the blood vessels of the light-sensitive tissue \nat the back of the eye (retina). It is a progressive condition directly linked \nto the duration of diabetes and the severity of hyperglycemia.\n\n2. PATHOPHYSIOLOGY (THE MECHANISM OF LEAKAGE)\n-----------------------------------------------------------------------------\nThe retina has the highest metabolic rate (oxygen consumption) of any tissue \nin the body. It relies on a delicate network of capillaries.\n\nA. Pericyte Loss (The First Domino)\n   * Capillaries are supported by cells called \"pericytes\" that wrap around \n     them like a structural wall.\n   * High blood sugar triggers apoptosis (cell death) of these pericytes.\n   * **Result:** The vessel walls weaken and balloon out, forming \n     **Microaneurysms**.\n\nB. Ischemia and Hypoxia\n   * Capillaries eventually become blocked by thickened basement membranes.\n   * The retina becomes \"hypoxic\" (starved of oxygen).\n   * **Cotton Wool Spots:** White, fluffy patches appear on the retina, \n     signaling areas of nerve fiber infarction (death due to lack of blood).\n\nC. The VEGF Response (The Fatal Flaw)\n   * The oxygen-starved retina sends out a distress signal: **Vascular \n     Endothelial Growth Factor (VEGF)**.\n   * VEGF commands the eye to grow *new* blood vessels to supply oxygen.\n   * **The Problem:** These new vessels (Neovascularization) are fragile, \n     abnormal, and leaky. They rupture easily, bleeding into the eye.\n\n3. STAGES OF PROGRESSION\n-----------------------------------------------------------------------------\n\nA. Non-Proliferative Diabetic Retinopathy (NPDR)\n   * **\"Background Retinopathy\"**\n   * Blood vessels are damaged but new ones haven't started growing yet.\n   * Vessels leak fluid and lipids into the retina.\n   * **Hard Exudates:** Yellow deposits of lipid/protein leaked from vessels.\n   * Vision is usually fine unless fluid accumulates in the macula.\n\nB. Proliferative Diabetic Retinopathy (PDR)\n   * **\"Advanced Retinopathy\"**\n   * VEGF has triggered the growth of fragile new blood vessels on the surface \n     of the retina and into the vitreous gel.\n   * **Risks:** 1. Vitreous Hemorrhage (bleeding into the jelly of the eye).\n     2. Tractional Retinal Detachment (scar tissue pulls the retina off the \n        back of the eye).\n\n4. SPECIFIC COMPLICATION: DIABETIC MACULAR EDEMA (DME)\n-----------------------------------------------------------------------------\n* Can occur at *any* stage (NPDR or PDR).\n* Fluid builds up in the **Macula** (the center part of the retina responsible \n  for sharp, straight-ahead vision).\n* **Symptom:** Objects look wavy or blurry; colors look washed out.\n\n5. SYMPTOMS\n-----------------------------------------------------------------------------\nEarly stages are often asymptomatic (silent). As it advances:\n* \"Floaters\" (dark strings floating in vision - usually blood).\n* Blurred or fluctuating vision.\n* Dark or empty areas in your vision.\n* Difficulty seeing at night.\n\n6. TREATMENTS\n-----------------------------------------------------------------------------\n* **Anti-VEGF Injections:** Drugs (like ranibizumab or aflibercept) are \n  injected directly into the eye to block the VEGF signal, stopping abnormal \n  vessel growth.\n* **Photocoagulation (Laser Surgery):**\n  - *Focal Laser:* Seals specific leaking vessels.\n  - *Scatter Laser (Panretinal):* Shrinks abnormal blood vessels by making \n    tiny burns across the peripheral retina.\n* **Vitrectomy:** Surgical removal of blood-filled vitreous gel.\n\n-----------------------------------------------------------------------------\nEND OF FILE"
  },
  {
    "file": "data\\glp1_drugs_overview.txt",
    "title": "FILENAME: glp1_drugs_overview.txt",
    "author": "",
    "date": "",
    "url": "",
    "headers": [
      "1. OVERVIEW",
      "2. MECHANISM OF ACTION (THE MULTI-ORGAN EFFECT)",
      "3. CLASSIFICATION AND EVOLUTION",
      "4. CLINICAL BENEFITS",
      "5. SIDE EFFECTS AND RISKS",
      "END OF FILE"
    ],
    "category": "",
    "full_text": "FILENAME: glp1_drugs_overview.txt\nSUBJECT: GLP-1 Receptor Agonists (Incretin Mimetics)\nCLASS: Glucagon-like Peptide-1 Agonists\nCOMMON BRANDS: Ozempic, Wegovy, Trulicity, Victoza, Mounjaro (Dual agonist)\n\n1. OVERVIEW\n-----------------------------------------------------------------------------\nGLP-1 Receptor Agonists are a class of non-insulin injectable medications \n(though an oral version exists). They mimic the action of the natural hormone \nGLP-1, which is released from the gut in response to eating.\n\n* **Key Characteristic:** Their action is \"Glucose-Dependent.\" They only \n  stimulate insulin when blood sugar is high, making the risk of dangerous \n  hypoglycemia very low compared to insulin or sulfonylureas.\n\n2. MECHANISM OF ACTION (THE MULTI-ORGAN EFFECT)\n-----------------------------------------------------------------------------\nThese drugs do not just lower sugar; they alter how the body manages energy \nintake and processing across four key organs.\n\nA. The Pancreas (The Dual Switch)\n   * **Insulin:** Stimulates beta-cells to release insulin *only* when glucose \n     levels are elevated.\n   * **Glucagon:** Suppresses the release of glucagon (the hormone that raises \n     blood sugar) from alpha-cells.\n\nB. The Stomach (The \"Brake\")\n   * **Delayed Gastric Emptying:** Slows down the speed at which food leaves \n     the stomach.\n   * **Result:** This flattens the post-meal blood sugar spike and physically \n     signals fullness to the brain.\n\nC. The Brain (The Appetite Control Center)\n   * GLP-1 receptors are present in the hypothalamus (hunger center).\n   * **Satiety:** These drugs directly stimulate the feeling of \"fullness.\"\n   * **Cravings:** They reduce the \"food noise\" (intrusive thoughts about \n     food) and reward-seeking behavior associated with eating.\n\nD. The Liver\n   * Because glucagon is suppressed, the liver reduces its output of stored \n     glucose (Gluconeogenesis).\n\n3. CLASSIFICATION AND EVOLUTION\n-----------------------------------------------------------------------------\nThe class has evolved from twice-daily injections to weekly injections with \nhigher potency.\n\n| Generation | Generic Name | Brand Examples | Frequency | Primary Focus |\n| :--- | :--- | :--- | :--- | :--- |\n| **First** | Exenatide | Byetta | Twice Daily | Diabetes Control |\n| **Second** | Liraglutide | Victoza / Saxenda | Daily | Diabetes & Weight |\n| **Third** | Dulaglutide | Trulicity | Weekly | Diabetes Control |\n| **Fourth** | Semaglutide | Ozempic / Wegovy | Weekly | High Potency Weight & Diabetes |\n| **Next Gen**| Tirzepatide*| Mounjaro / Zepbound | Weekly | *Dual Agonist (GLP-1 + GIP) |\n\n* *Note: Tirzepatide is technically a dual agonist, activating both GLP-1 and \n  GIP receptors, leading to even greater efficacy.*\n\n4. CLINICAL BENEFITS\n-----------------------------------------------------------------------------\n* **A1C Reduction:** Highly effective, typically lowering A1C by 1.0% to 2.0%.\n* **Weight Loss:**\n  - Semaglutide: ~15% body weight loss in clinical trials.\n  - Tirzepatide: Up to ~20%+ body weight loss.\n* **Cardiovascular Protection:** Many agents in this class (Semaglutide, \n  Liraglutide) have FDA indications for reducing the risk of heart attack \n  and stroke in people with heart disease.\n\n5. SIDE EFFECTS AND RISKS\n-----------------------------------------------------------------------------\nA. Gastrointestinal (The Most Common)\n   * Nausea, vomiting, and diarrhea affect a significant portion of users.\n   * **Mechanism:** Caused by the slowing of the stomach (gastroparesis effect).\n   * **Management:** Usually transient. Mitigated by starting at a low dose \n     and \"titrating\" (increasing) slowly over months.\n\nB. Rare / Serious Warnings\n   * **Pancreatitis:** Risk of inflammation of the pancreas.\n   * **Gallbladder Disease:** Rapid weight loss can lead to gallstones.\n   * **Thyroid C-Cell Tumors:** Black Box Warning based on rodent studies \n     (risk in humans is not confirmed but contraindicated in those with a \n     family history of MTC).\n\n-----------------------------------------------------------------------------\nEND OF FILE"
  },
  {
    "file": "data\\glucose_monitoring_steps.txt",
    "title": "FILENAME: glucose_monitoring_steps.txt",
    "author": "",
    "date": "",
    "url": "",
    "headers": [
      "2. PREPARATION (CRITICAL FOR ACCURACY)",
      "3. THE PROCEDURE (STEP-BY-STEP)",
      "4. INTERPRETING THE DATA (ADA TARGETS)",
      "Target ranges vary by individual, but standard goals for non-pregnant adults are:",
      "5. COMMON ERROR CODES & CAUSES",
      "6. ALTERNATIVE: CONTINUOUS GLUCOSE MONITORING (CGM)",
      "END OF FILE"
    ],
    "category": "",
    "full_text": "FILENAME: glucose_monitoring_steps.txt\nSUBJECT: Self-Monitoring of Blood Glucose (SMBG)\nMETHOD: Capillary Blood Glucose Test (Finger Stick)\n\n1. HOW THE TECHNOLOGY WORKS (THE STRIP MECHANISM)\n-----------------------------------------------------------------------------\nThe test strip is not just a piece of plastic; it is a mini-electrochemical \ncell.\n\nA. The Enzyme Layer\n   * The tip of the strip contains an enzyme, typically **Glucose Oxidase** or **Glucose Dehydrogenase**.\n   * When blood hits the strip, the enzyme reacts with the glucose in the \n     blood to produce Gluconic Acid.\n\nB. The Electrical Current (Amperometry)\n   * This chemical reaction releases electrons.\n   * The meter applies a small voltage to the strip.\n   * The moving electrons create an electrical current.\n   * **The Calculation:** The strength of the current is directly proportional \n     to the amount of glucose in the sample. The meter calculates this and \n     displays the number.\n\n2. PREPARATION (CRITICAL FOR ACCURACY)\n-----------------------------------------------------------------------------\nA. Wash and Dry Hands\n   * **Must do:** Use warm water and soap.\n   * **Why:** Sugar residue on fingers (from fruit, lotion, or dirt) will \n     mix with the blood drop and cause a falsely high reading. \n   * **Dry Thoroughly:** Water dilutes the blood sample, causing a falsely \n     low reading.\n\nB. Prepare the Lancet Device\n   * Insert a new, sterile lancet (needle) into the lancing device.\n   * **Depth Setting:** Adjust the depth gauge.\n     - Thin skin/children: 1-2\n     - Average skin: 3-4\n     - Calloused/thick skin: 5\n\n3. THE PROCEDURE (STEP-BY-STEP)\n-----------------------------------------------------------------------------\n1. **Load the Strip:** Insert the test strip into the meter. Wait for the \n   \"drop\" icon to appear.\n\n2. **Select the Site:** * Do NOT prick the fleshy pad (center) of the fingertip. It has the most \n     nerve endings and hurts the most.\n   * **Target:** The sides of the fingertip (lateral aspect).\n\n3. **Stimulate Flow:** Massage the finger from the palm toward the tip to \n   encourage blood flow.\n\n4. **Lance:** Place the device firmly against the side of the finger and \n   press the button.\n\n5. **The Drop:** Squeeze gently to get a round drop of blood. \n   * *Pro-Tip:* Wipe away the very first drop with a tissue (it may contain \n     interstitial fluid) and use the second drop for the most accuracy (though \n     modern meters often accept the first drop).\n\n6. **Application:** Touch the *tip* of the strip to the blood drop. Do not \n   drip blood *on top* of the strip; let the strip sip it up via capillary action.\n\n7. **Clean Up:** Apply pressure to the finger with a tissue. Dispose of the \n   lancet in a sharps container.\n\n4. INTERPRETING THE DATA (ADA TARGETS)\n-----------------------------------------------------------------------------\nTarget ranges vary by individual, but standard goals for non-pregnant adults are:\n\n| Timing              | Target Range (mg/dL) | Target Range (mmol/L) |\n|---------------------|----------------------|-----------------------|\n| Fasting (Pre-meal)  | 80 \u2013 130 mg/dL       | 4.4 \u2013 7.2 mmol/L      |\n| Postprandial (2hrs) | Less than 180 mg/dL  | Less than 10.0 mmol/L |\n\n5. COMMON ERROR CODES & CAUSES\n-----------------------------------------------------------------------------\n* **Not enough blood:** The strip didn't fill completely.\n* **Expired strips:** Enzymes degrade over time and with humidity.\n* **Temperature:** Meter is too hot or too cold (must be at room temp).\n* **Contamination:** \"Sugar fingers\" (unwashed hands).\n\n6. ALTERNATIVE: CONTINUOUS GLUCOSE MONITORING (CGM)\n-----------------------------------------------------------------------------\n* **How it works:** A tiny filament sits under the skin (usually arm or belly) \n  measuring glucose in the *interstitial fluid* (fluid between cells), not \n  the blood.\n* **Lag Time:** Interstitial glucose lags behind blood glucose by ~10-15 \n  minutes. Finger sticks are still required to verify sudden highs or lows.\n\n-----------------------------------------------------------------------------\nEND OF FILE"
  },
  {
    "file": "data\\glycemic_index_load.txt",
    "title": "FILENAME: glycemic_index_load.txt",
    "author": "",
    "date": "",
    "url": "",
    "headers": [
      "1. GLYCEMIC INDEX (GI) - THE \"SPEED\"",
      "2. GLYCEMIC LOAD (GL) - THE \"IMPACT\"",
      "3. COMPARISON EXAMPLE"
    ],
    "category": "",
    "full_text": "FILENAME: glycemic_index_load.txt\nSUBJECT: Nutritional Metrics for Carbohydrate Management\n\n1. GLYCEMIC INDEX (GI) - THE \"SPEED\"\n-----------------------------------------------------------------------------\n* **Definition:** Measures how *fast* a food raises blood sugar compared to pure glucose (Scale 0-100).\n* **Low GI (<55):** Beans, fibrous veggies, nuts.\n* **High GI (>70):** White bread, watermelon, instant oats.\n* **Flaw:** Doesn't account for portion size. (Watermelon has high GI, but low carb density).\n\n2. GLYCEMIC LOAD (GL) - THE \"IMPACT\"\n-----------------------------------------------------------------------------\n* **Definition:** (GI x Grams of Carbs) / 100. This measures the actual impact of a typical serving size.\n* **The Better Metric:** GL is more useful for real-world eating.\n\n3. COMPARISON EXAMPLE\n-----------------------------------------------------------------------------\n* **Watermelon:**\n    * GI = 72 (High - absorbs fast).\n    * Carbs per serving = 6g.\n    * GL = 4 (Low impact). *Safe in moderation.*\n* **Bagel:**\n    * GI = 72 (High).\n    * Carbs per serving = 50g.\n    * GL = 36 (Massive impact). *Avoid.*"
  },
  {
    "file": "data\\hypoglycemia_protocol.txt",
    "title": "FILENAME: hypoglycemia_protocol.txt",
    "author": "",
    "date": "",
    "url": "",
    "headers": [
      "1. SYMPTOMS",
      "2. THE \"15-15 RULE\" (STANDARD PROTOCOL)",
      "3. EMERGENCY PROTOCOL (UNCONSCIOUS PATIENT)"
    ],
    "category": "",
    "full_text": "FILENAME: hypoglycemia_protocol.txt\nSUBJECT: Management of Hypoglycemia (Low Blood Sugar)\nTHRESHOLD: <70 mg/dL (<3.9 mmol/L)\n\n1. SYMPTOMS\n-----------------------------------------------------------------------------\n* **Adrenergic (Early):** Shaking, sweating, rapid heartbeat, anxiety.\n* **Neuroglycopenic (Late):** Confusion, slurred speech, blurry vision, drowsiness.\n\n2. THE \"15-15 RULE\" (STANDARD PROTOCOL)\n-----------------------------------------------------------------------------\n1.  **Check:** If blood glucose is <70 mg/dL.\n2.  **Treat:** Consume **15 grams** of fast-acting carbohydrates.\n    * 4 glucose tablets.\n    * 4 ounces (1/2 cup) of juice or regular soda.\n    * 1 tablespoon of sugar or honey.\n3.  **Wait:** Wait **15 minutes**.\n4.  **Re-check:** If still <70 mg/dL, repeat the 15g carbs.\n5.  **Stabilize:** Once normal, eat a small snack with protein (e.g., crackers and cheese) to prevent a drop.\n\n3. EMERGENCY PROTOCOL (UNCONSCIOUS PATIENT)\n-----------------------------------------------------------------------------\n* **Do NOT:** Give food or drink (choking hazard).\n* **Glucagon:** Administer Glucagon injection or nasal powder (Baqsimi).\n    * *Mechanism:* Signals the liver to dump stored glycogen into the blood immediately.\n* **Call 911:** If the patient does not wake up within 15 minutes."
  },
  {
    "file": "data\\insulin_resistance.txt",
    "title": "FILENAME: insulin_resistance.txt",
    "author": "",
    "date": "",
    "url": "",
    "headers": [
      "1. OVERVIEW",
      "2. MOLECULAR MECHANISM (THE \"BROKEN SIGNAL\")",
      "3. PHYSIOLOGICAL EFFECTS (SYSTEMIC LEVEL)",
      "4. CLINICAL SIGNS & SYMPTOMS",
      "signs exist:",
      "5. ETIOLOGY (CAUSES)",
      "END OF FILE"
    ],
    "category": "",
    "full_text": "FILENAME: insulin_resistance.txt\nSUBJECT: Pathophysiology of Insulin Resistance (IR)\nCONDITION: Precursor to Type 2 Diabetes / Metabolic Syndrome\n\n1. OVERVIEW\n-----------------------------------------------------------------------------\nInsulin Resistance (IR) is a pathological state where insulin-sensitive cells \n(primarily in muscle, fat, and liver) fail to respond appropriately to normal \nlevels of insulin. \n\n* **The Compensation:** To overcome this resistance, the beta cells of the \n  pancreas secrete increasing amounts of insulin (Hyperinsulinemia).\n* **The Tipping Point:** When the pancreas can no longer sustain this increased \n  output, blood glucose levels rise, leading to Prediabetes and Type 2 Diabetes.\n\n2. MOLECULAR MECHANISM (THE \"BROKEN SIGNAL\")\n-----------------------------------------------------------------------------\nUnder normal conditions, insulin acts like a key unlocking a cell to let glucose \nin. In IR, the lock is jammed.\n\nA. The Normal Pathway (Simplified)\n   1. Insulin binds to the Insulin Receptor (IR) on the cell surface.\n   2. This triggers the phosphorylation of Insulin Receptor Substrate (IRS) \n      molecules (specifically Tyrosine phosphorylation).\n   3. This activates the PI3K-Akt signaling pathway.\n   4. **Result:** GLUT4 transporters move to the cell surface to intake glucose.\n\nB. The Defect (Where it breaks)\n   The core defect often lies in \"post-receptor signaling.\"\n   \n   * **Serine Phosphorylation:** Excess free fatty acids and inflammatory \n     cytokines (like TNF-alpha) cause the IRS proteins to be phosphorylated \n     at *Serine* residues instead of *Tyrosine*.\n   * **The Block:** This \"incorrect\" phosphorylation inhibits the signal. The \n     message never reaches the interior of the cell.\n   * **Lipotoxicity:** Accumulation of lipid metabolites (DAGs and Ceramides) \n     inside muscle and liver cells physically interferes with insulin signaling.\n\n3. PHYSIOLOGICAL EFFECTS (SYSTEMIC LEVEL)\n-----------------------------------------------------------------------------\nDifferent tissues react to resistance in different ways, creating a \"perfect storm\" \nfor high blood sugar.\n\nA. Skeletal Muscle (The Major Consumer)\n   * Normally absorbs ~80% of post-meal glucose.\n   * **In Resistance:** GLUT4 transporters fail to translocate to the surface. \n     Glucose remains trapped in the bloodstream.\n\nB. The Liver (The Producer)\n   * Normally, insulin signals the liver to STOP making sugar (gluconeogenesis) \n     after a meal.\n   * **In Resistance:** The liver ignores the signal and continues pumping \n     glucose into the blood, even when blood sugar is already high.\n\nC. Adipose Tissue (Fat Cells)\n   * Normally, insulin prevents the breakdown of stored fat.\n   * **In Resistance:** Fat cells release excessive Free Fatty Acids (FFAs) into \n     circulation. These FFAs travel to the muscle and liver, worsening the \n     resistance (a vicious cycle).\n\n4. CLINICAL SIGNS & SYMPTOMS\n-----------------------------------------------------------------------------\nInsulin resistance is often \"silent\" until metabolic damage occurs, but specific \nsigns exist:\n\n* **Acanthosis Nigricans:** Dark, velvety patches of skin (neck, armpits, groin).\n* **Skin Tags:** Numerous small fleshy growths.\n* **Abdominal Obesity:** High visceral fat (waist circumference >40\" men, >35\" women).\n* **High Triglycerides / Low HDL:** A specific dyslipidemia profile.\n* **Polycystic Ovary Syndrome (PCOS):** IR is a primary driver of PCOS in women.\n\n5. ETIOLOGY (CAUSES)\n-----------------------------------------------------------------------------\n* **Visceral Adiposity:** Belly fat is metabolically active, releasing inflammatory \n  markers that block insulin signals.\n* **Sedentary Lifestyle:** Muscle inactivity reduces insulin sensitivity.\n* **Diet:** Chronic excess of refined carbohydrates and saturated fats.\n* **Genetics:** Strong hereditary component (e.g., TCF7L2 gene variants).\n\n-----------------------------------------------------------------------------\nEND OF FILE"
  },
  {
    "file": "data\\insulin_therapy_types.txt",
    "title": "FILENAME: insulin_therapy_types.txt",
    "author": "",
    "date": "",
    "url": "",
    "headers": [
      "1. RAPID-ACTING (BOLUS)",
      "2. SHORT-ACTING (REGULAR)",
      "3. INTERMEDIATE-ACTING (NPH)",
      "4. LONG-ACTING (BASAL)",
      "5. ULTRA-LONG ACTING"
    ],
    "category": "",
    "full_text": "FILENAME: insulin_therapy_types.txt\nSUBJECT: Pharmacokinetics of Insulin Preparations\nUSAGE: Basal-Bolus Regimens\n\n1. RAPID-ACTING (BOLUS)\n-----------------------------------------------------------------------------\n* **Examples:** Lispro (Humalog), Aspart (Novolog), Glulisine (Apidra).\n* **Role:** Covers the glucose spike from meals.\n* **Onset:** 15 minutes.\n* **Peak:** 1 hour.\n* **Duration:** 2\u20134 hours.\n* **Timing:** Taken immediately before eating.\n\n2. SHORT-ACTING (REGULAR)\n-----------------------------------------------------------------------------\n* **Examples:** Humulin R, Novolin R.\n* **Role:** Older generation meal coverage (often used in IV drips for DKA).\n* **Onset:** 30 mins.\n* **Peak:** 2\u20133 hours.\n* **Duration:** 3\u20136 hours.\n\n3. INTERMEDIATE-ACTING (NPH)\n-----------------------------------------------------------------------------\n* **Examples:** Humulin N, Novolin N.\n* **Appearance:** Cloudy.\n* **Role:** Covers basal needs for half the day (often twice daily).\n* **Peak:** 4\u201312 hours (High risk of nocturnal hypoglycemia).\n\n4. LONG-ACTING (BASAL)\n-----------------------------------------------------------------------------\n* **Examples:** Glargine (Lantus), Detemir (Levemir).\n* **Role:** Keeps blood sugar stable between meals and overnight.\n* **Onset:** 2\u20134 hours.\n* **Peak:** None (Peakless/Flat profile).\n* **Duration:** 24 hours.\n\n5. ULTRA-LONG ACTING\n-----------------------------------------------------------------------------\n* **Examples:** Degludec (Tresiba), Glargine U-300 (Toujeo).\n* **Duration:** >42 hours.\n* **Benefit:** Allows flexibility in injection timing."
  },
  {
    "file": "data\\metformin_mechanism.txt",
    "title": "FILENAME: metformin_mechanism.txt",
    "author": "",
    "date": "",
    "url": "",
    "headers": [
      "1. OVERVIEW",
      "2. MOLECULAR MECHANISM (CELLULAR LEVEL)",
      "3. PHYSIOLOGICAL EFFECTS (SYSTEMIC LEVEL)",
      "4. CLINICAL OUTCOMES",
      "END OF FILE"
    ],
    "category": "",
    "full_text": "FILENAME: metformin_mechanism.txt\nSUBJECT: Pharmacological Mechanism of Action: Metformin\nCLASS: Biguanide\n\n1. OVERVIEW\n-----------------------------------------------------------------------------\nMetformin is the first-line pharmacotherapy for the treatment of Type 2 Diabetes \nMellitus (T2DM). It is an antihyperglycemic agent that lowers basal and \npostprandial plasma glucose. Unlike sulfonylureas, it does not stimulate \ninsulin secretion, meaning it rarely causes hypoglycemia.\n\n2. MOLECULAR MECHANISM (CELLULAR LEVEL)\n-----------------------------------------------------------------------------\nThe primary site of action is the hepatocyte (liver cell), specifically within \nthe mitochondria.\n\nA. Mitochondrial Inhibition (The Primary Trigger)\n   - Metformin enters the hepatocyte via Organic Cation Transporter 1 (OCT1).\n   - Inside the mitochondria, Metformin inhibits Complex I of the Electron \n     Transport Chain (ETC).\n   - This inhibition reduces the efficiency of oxidative phosphorylation.\n\nB. The Energy Crisis (ATP Reduction)\n   - Because the ETC is inhibited, ATP production drops.\n   - This leads to an increase in cellular AMP (Adenosine Monophosphate) and \n     ADP relative to ATP.\n   - Result: A significant rise in the AMP:ATP ratio.\n\nC. Activation of AMPK (The Classical Pathway)\n   - The high AMP levels activate Adenosine Monophosphate-Activated Protein \n     Kinase (AMPK).\n   - AMPK acts as a cellular \"fuel gauge.\" When activated, it triggers \n     catabolic pathways (generating energy) and inhibits anabolic pathways \n     (consuming energy).\n   - Crucially, AMPK phosphorylation creates a \"switch\" that turns off genes \n     responsible for Gluconeogenesis (production of glucose).\n\nD. Inhibition of mGPD (The Non-AMPK Pathway)\n   - Metformin inhibits mitochondrial glycerol-3-phosphate dehydrogenase (mGPD).\n   - This prevents the conversion of glycerol into glucose precursors, halting \n     gluconeogenesis independently of insulin signaling.\n\n3. PHYSIOLOGICAL EFFECTS (SYSTEMIC LEVEL)\n-----------------------------------------------------------------------------\n\nA. Hepatic (Liver) - *Most Important Effect*\n   - Suppression of Gluconeogenesis: Reduces the liver's production of glucose \n     from lactate, glycerol, and amino acids.\n   - Suppression of Glycogenolysis: Reduces the breakdown of stored glycogen \n     into glucose.\n\nB. Peripheral (Muscle and Fat)\n   - Increases insulin sensitivity.\n   - Enhances peripheral glucose uptake (mostly in muscle tissue) by inducing \n     GLUT4 transporter translocation to the cell membrane.\n   - Increases fatty acid oxidation (burning fat for fuel).\n\nC. Gastrointestinal (Gut)\n   - Delayed Glucose Absorption: Slows the absorption of glucose from the \n     intestines.\n   - GLP-1 Secretion: Increases the secretion of Glucagon-like peptide-1 \n     (GLP-1), an incretin hormone that improves insulin release and suppresses \n     appetite.\n   - Microbiome Alteration: Modifies gut bacteria composition, which may \n     contribute to improved metabolic profiles.\n\n4. CLINICAL OUTCOMES\n-----------------------------------------------------------------------------\n* Reduction of HbA1c (typically by 1.0% - 1.5%).\n* Weight neutral or modest weight loss.\n* Improved lipid profile (lowered LDL and triglycerides).\n* Potential cardiovascular protection (cardioprotective effects beyond \n    glucose lowering).\n\n-----------------------------------------------------------------------------\nEND OF FILE"
  },
  {
    "file": "data\\neuropathy_overview.txt",
    "title": "FILENAME: neuropathy_overview.txt",
    "author": "",
    "date": "",
    "url": "",
    "headers": [
      "1. OVERVIEW",
      "2. PATHOPHYSIOLOGY (THE MECHANISM OF DAMAGE)",
      "Why does sugar destroy nerves? There are two primary theories:",
      "3. MAJOR TYPES OF NEUROPATHY",
      "4. DIAGNOSIS",
      "5. MANAGEMENT & TREATMENT",
      "END OF FILE"
    ],
    "category": "",
    "full_text": "FILENAME: neuropathy_overview.txt\nSUBJECT: Diabetic Neuropathy (Nerve Damage)\nTYPE: Microvascular Complication\nPREVALENCE: Affects ~50% of patients with long-standing diabetes.\n\n1. OVERVIEW\n-----------------------------------------------------------------------------\nDiabetic Neuropathy is a type of nerve damage that can occur if you have \ndiabetes. High blood sugar (hyperglycemia) injures nerves throughout the body. \nIt most often damages nerves in the legs and feet.\n\n2. PATHOPHYSIOLOGY (THE MECHANISM OF DAMAGE)\n-----------------------------------------------------------------------------\nWhy does sugar destroy nerves? There are two primary theories:\n\nA. The Vascular Hypothesis (Ischemia)\n   * Nerves need their own blood supply to survive, provided by tiny vessels \n     called the **Vasa Nervorum**.\n   * High blood sugar damages these tiny vessels (microangiopathy), thickening \n     the vessel walls and reducing blood flow.\n   * **Result:** The nerves \"starve\" from a lack of oxygen and nutrients.\n\nB. The Metabolic Hypothesis (The Polyol Pathway)\n   * Normally, cells use glucose for energy.\n   * When glucose is too high, it floods an alternate pathway called the \n     **Polyol Pathway**.\n   * The enzyme *Aldose Reductase* converts excess glucose into **Sorbitol**.\n   * **The Problem:** Sorbitol cannot exit the cell easily. It accumulates, \n     drawing water into the nerve cell (osmotic stress) and depleting \n     antioxidants (NADPH).\n   * **Result:** The nerve cell swells and suffers oxidative damage.\n\n3. MAJOR TYPES OF NEUROPATHY\n-----------------------------------------------------------------------------\n\nA. Peripheral Neuropathy (Distal Symmetric Polyneuropathy)\n   * **Most Common Form.**\n   * **Pattern:** \"Stocking-glove\" distribution. It starts at the longest \n     nerves (toes) and slowly moves up the legs. Later, it affects the fingertips \n     and hands.\n   * **Symptoms:** Numbness, tingling, burning sensation, sharp pains, or loss \n     of ability to feel pain/temperature (high risk for foot ulcers).\n\nB. Autonomic Neuropathy\n   * Affects the nerves that control internal organs (involuntary functions).\n   * **Cardiovascular:** Resting tachycardia (fast heart rate), orthostatic \n     hypotension (dizziness upon standing).\n   * **Gastrointestinal:** Gastroparesis (stomach paralysis/delayed emptying), \n     constipation, or diarrhea.\n   * **Urogenital:** Erectile dysfunction, bladder retention/leakage.\n   * **Hypoglycemia Unawareness:** Loss of the \"warning signs\" (shaking, \n     sweating) of low blood sugar.\n\nC. Proximal Neuropathy (Diabetic Amyotrophy)\n   * Affects nerves in the thighs, hips, buttocks, or legs.\n   * Symptoms: Sudden, severe pain in the hip/thigh, followed by weak thigh \n     muscles.\n\nD. Focal Neuropathy (Mononeuropathy)\n   * Damage to a specific single nerve (e.g., wrist, head, torso).\n   * Example: Carpal tunnel syndrome or Bell's palsy.\n\n4. DIAGNOSIS\n-----------------------------------------------------------------------------\n* **Filament Test:** Using a soft nylon fiber (monofilament) to test skin \n  sensitivity on the feet.\n* **Vibration Testing:** Using a tuning fork to test deep tissue sensation.\n* **Nerve Conduction Studies (EMG):** Measuring the speed of electrical \n  signals through the nerves.\n\n5. MANAGEMENT & TREATMENT\n-----------------------------------------------------------------------------\n* **Strict Glucose Control:** The only way to stop the progression.\n* **Pain Management:**\n  - Standard painkillers (NSAIDs) are usually ineffective for nerve pain.\n  - First-line agents: Anti-seizure medications (Pregabalin, Gabapentin) or \n    Antidepressants (Duloxetine) which dampen nerve signaling.\n* **Foot Care:** Daily inspection is critical to prevent amputation.\n\n-----------------------------------------------------------------------------\nEND OF FILE"
  },
  {
    "file": "data\\prediabetes_prevention.txt",
    "title": "FILENAME: prediabetes_prevention.txt",
    "author": "",
    "date": "",
    "url": "",
    "headers": [
      "1. THE CORE OBJECTIVE: 5-7% WEIGHT LOSS",
      "2. NUTRITIONAL STRATEGY: THE PLATE METHOD",
      "3. PHYSICAL ACTIVITY PROTOCOL",
      "4. BEHAVIORAL TACTICS",
      "5. WHEN TO RETEST",
      "END OF FILE"
    ],
    "category": "",
    "full_text": "FILENAME: prediabetes_prevention.txt\nSUBJECT: Protocol for Reversing Prediabetes\nSOURCE: National Diabetes Prevention Program (National DPP)\nGOAL: Return HbA1c to <5.7% via Lifestyle Intervention\n\n1. THE CORE OBJECTIVE: 5-7% WEIGHT LOSS\n-----------------------------------------------------------------------------\nThe National DPP study proved that lifestyle changes are *more* effective than \nmedication (metformin) for preventing diabetes in the long run.\n\n* **The Magic Number:** Losing just 5% to 7% of your starting body weight.\n* **The Math:**\n    -   If you weigh 200 lbs (90 kg) -> Loss Goal: 10 to 14 lbs (4.5 - 6 kg).\n    -   If you weigh 250 lbs (113 kg) -> Loss Goal: 12 to 18 lbs (5.5 - 8 kg).\n* **Why it Works:** This specific amount of weight loss preferentially targets \n    visceral fat (liver/pancreas fat), which drastically reduces insulin \n    resistance.\n\n2. NUTRITIONAL STRATEGY: THE PLATE METHOD\n-----------------------------------------------------------------------------\nYou do not need to cut out carbs entirely, but you must change the proportion. \nVisualize your dinner plate as a pie chart.\n\nA. 50% Non-Starchy Vegetables (The Base)\n   * *Examples:* Spinach, broccoli, peppers, cauliflower, green beans.\n   * *Mechanism:* High fiber slows gastric emptying, preventing blood sugar \n       spikes.\n\nB. 25% Lean Protein (The Satiety Factor)\n   * *Examples:* Chicken, turkey, fish, tofu, beans, eggs.\n   * *Mechanism:* Protein does not raise blood glucose and keeps you full \n       longer, reducing snacking urges.\n\nC. 25% Carbohydrate Foods (The Fuel)\n   * *Examples:* Brown rice, oats, quinoa, sweet potato, whole grain bread.\n   * *The Shift:* Switch from \"White\" (refined) to \"Brown\" (complex). Complex \n       carbs take longer to break down into glucose.\n\nD. Water (The Beverage)\n   * Eliminate \"Liquid Sugar\" (soda, juice, sweet tea). This is the single \n       fastest way to lower A1C.\n\n3. PHYSICAL ACTIVITY PROTOCOL\n-----------------------------------------------------------------------------\n* **Target:** 150 minutes per week (e.g., 30 mins x 5 days).\n* **Intensity:** Moderate (Can talk, but can't sing).\n* **The Mechanism (Why it reverses Prediabetes):**\n    -   Normally, insulin opens the door for sugar to enter muscle cells.\n    -   During exercise, muscle contractions activate **AMPK**, which moves \n        glucose transporters (GLUT4) to the surface *without* needing insulin.\n    -   *Result:* You lower blood sugar even if you are insulin resistant.\n\n4. BEHAVIORAL TACTICS\n-----------------------------------------------------------------------------\nA. Tracking (Self-Monitoring)\n   * Keep a food log (app or paper). People who track what they eat lose \n       twice as much weight as those who don't.\n\nB. Sleep Hygiene\n   * **Goal:** 7-8 hours per night.\n   * **Mechanism:** Sleep deprivation increases **Ghrelin** (hunger hormone) \n       and cortisol, driving cravings for high-sugar foods.\n\nC. Stress Management\n   * Chronic stress keeps Cortisol levels high. Cortisol signals the liver \n       to dump glucose into the blood (fighting the \"fight or flight\" response).\n   * *Action:* Deep breathing or meditation lowers cortisol and blood sugar.\n\n5. WHEN TO RETEST\n-----------------------------------------------------------------------------\n* Schedule a follow-up A1C test in **3 to 6 months**.\n* It takes ~3 months for red blood cells to turnover, so testing sooner \n    won't show the full picture.\n\n-----------------------------------------------------------------------------\nEND OF FILE"
  },
  {
    "file": "data\\pubmed_diabetes_review1.txt",
    "title": "FILENAME: pubmed_diabetes_review1.txt",
    "author": "",
    "date": "2024",
    "url": "",
    "headers": [
      "ABSTRACT",
      "BACKGROUND:",
      "METHODS:",
      "RESULTS:",
      "CONCLUSION:"
    ],
    "category": "",
    "full_text": "FILENAME: pubmed_diabetes_review1.txt\nSOURCE: PubMed (National Library of Medicine)\nTITLE: Pathophysiology and Emerging Therapeutic Strategies in Type 2 Diabetes: A 2024 Update\nJOURNAL: J Clin Endocrinol Metab. 2024 Mar; 109(3): 88-102.\nTYPE: Review Article\n\nABSTRACT\n-----------------------------------------------------------------------------\nBACKGROUND: \nType 2 Diabetes Mellitus (T2DM) is a complex, multifactorial metabolic \ndisorder characterized by chronic hyperglycemia, insulin resistance, and \nprogressive beta-cell failure. While traditional models focused primarily on \nthe \"triumvirate\" of muscle, liver, and beta-cell dysfunction, recent \nevidence suggests a much broader pathophysiological basis, often referred to \nas the \"Ominous Octet.\" This review examines the latest advances in understanding \nthese mechanisms and their implications for modern pharmacotherapy.\n\nMETHODS: \nWe conducted a comprehensive search of PubMed and EMBASE for high-impact \nreviews and clinical trials published between 2020 and 2024. Emphasis was \nplaced on the role of the gut microbiome, incretin defects, and renal glucose \nhandling.\n\nRESULTS: \nCurrent research highlights that hyperglycemia in T2DM is driven by defects \nin at least eight distinct organs: (1) decreased insulin secretion (pancreas), \n(2) decreased incretin effect (gut), (3) increased lipolysis (fat), (4) \nincreased glucose reabsorption (kidney), (5) increased hepatic glucose \nproduction (liver), (6) neurotransmitter dysfunction (brain), (7) muscle \ninsulin resistance, and (8) elevated glucagon secretion (alpha-cells). \nTherapeutic agents such as SGLT-2 inhibitors and GLP-1 receptor agonists \naddress these defects more comprehensively than older agents like sulfonylureas.\n\nCONCLUSION: \nThe management of T2DM has shifted from a \"glucocentric\" approach (lowering \nsugar) to a \"cardio-renal-metabolic\" approach. Early combination therapy \ntargeting multiple pathophysiological pathways is now recommended to preserve \nbeta-cell function and reduce long-term cardiovascular mortality."
  },
  {
    "file": "data\\pubmed_metabolic_syndrome.txt",
    "title": "FILENAME: pubmed_metabolic_syndrome.txt",
    "author": "",
    "date": "2023",
    "url": "",
    "headers": [
      "ABSTRACT",
      "BACKGROUND:",
      "METHODS:",
      "RESULTS:",
      "CONCLUSION:"
    ],
    "category": "",
    "full_text": "FILENAME: pubmed_metabolic_syndrome.txt\nSOURCE: PubMed (National Library of Medicine)\nTITLE: Metabolic Syndrome: Epidemiology, Pathophysiology, and Cardiovascular Risk\nJOURNAL: Lancet Diabetes Endocrinol. 2023 Nov; 11(11): 725-738.\nTYPE: Systematic Review\n\nABSTRACT\n-----------------------------------------------------------------------------\nBACKGROUND: \nMetabolic Syndrome (MetS) represents a clustering of cardiovascular risk \nfactors that includes central obesity, dyslipidemia, hypertension, and \nhyperglycemia. Its prevalence is rising globally, paralleling the obesity \nepidemic. This review aims to define the clinical criteria and quantify the \nexcess risk for Cardiovascular Disease (CVD) and Type 2 Diabetes (T2DM).\n\nMETHODS: \nA systematic review of epidemiological data from the NHANES and WHO databases \nwas performed. We analyzed studies linking insulin resistance to the \ndevelopment of atherosclerotic plaques and endothelial dysfunction.\n\nRESULTS: \nMetabolic Syndrome is generally defined by the presence of three or more of \nthe following five criteria: (1) Waist circumference >102cm (men) or >88cm \n(women); (2) Triglycerides \u2265150 mg/dL; (3) HDL cholesterol <40 mg/dL (men) \nor <50 mg/dL (women); (4) Blood pressure \u2265130/85 mmHg; (5) Fasting glucose \n\u2265100 mg/dL. Individuals with MetS have a 2-fold increase in the risk of CVD \nand a 5-fold increase in the risk of developing T2DM compared to those \nwithout the syndrome. The central driver appears to be insulin resistance, \nwhich triggers an inflammatory and pro-thrombotic state.\n\nCONCLUSION: \nMetS is a critical public health warning sign. Identifying patients with \nthis cluster of risk factors allows for early lifestyle intervention. \nWeight loss of 5-10% remains the primary therapeutic intervention to \nreverse the underlying insulin resistance and mitigate cardiovascular risk."
  },
  {
    "file": "data\\pubmed_obesity_link.txt",
    "title": "FILENAME: pubmed_obesity_link.txt",
    "author": "",
    "date": "2023",
    "url": "",
    "headers": [
      "ABSTRACT",
      "BACKGROUND:",
      "MECHANISMS REVIEWED:",
      "CONCLUSION:"
    ],
    "category": "",
    "full_text": "FILENAME: pubmed_obesity_link.txt\nSOURCE: PubMed (National Library of Medicine)\nTITLE: Mechanisms Linking Obesity to Insulin Resistance and Type 2 Diabetes\nJOURNAL: Nature Reviews Endocrinology. 2023; 19: 345\u2013360.\nTYPE: Review\n\nABSTRACT\n-----------------------------------------------------------------------------\nBACKGROUND: \nThe strong association between obesity and Type 2 Diabetes (T2DM) has led to \nthe coinage of the term \"Diabesity.\" However, not all obese individuals \ndevelop diabetes, and the molecular mechanisms linking excess adipose tissue \nto systemic insulin resistance remain an area of intense study. This review \nfocuses on the \"adipose tissue expandability\" hypothesis and the role of \ninflammation.\n\nMECHANISMS REVIEWED: \n1. **Lipotoxicity:** When subcutaneous adipose tissue reaches its storage \ncapacity, excess lipids spill over into non-adipose tissues (liver, muscle, \npancreas) as Ectopic Fat. This leads to the accumulation of toxic lipid \nmetabolites (ceramides, diacylglycerol) that interfere with insulin signaling \npathways.\n2. **Adipokines:** Adipose tissue functions as an endocrine organ. In obesity, \nit shifts from secreting insulin-sensitizing hormones (Adiponectin) to \npro-inflammatory cytokines (TNF-alpha, IL-6, Resistin).\n3. **Macrophage Infiltration:** Hypertrophic adipocytes attract immune cells \n(macrophages), leading to a chronic state of low-grade inflammation that \nperpetuates systemic insulin resistance.\n\nCONCLUSION: \nVisceral adiposity acts as a pathogenic depot that drives metabolic dysfunction \nthrough lipotoxicity and inflammation. Therapeutic strategies that specifically \ntarget visceral fat reduction or improve adipose tissue function may offer \nnovel avenues for preventing the progression from obesity to T2DM."
  },
  {
    "file": "data\\sglt2_inhibitors.txt",
    "title": "FILENAME: sglt2_inhibitors.txt",
    "author": "",
    "date": "",
    "url": "",
    "headers": [
      "1. MECHANISM OF ACTION (THE \"DRAIN\" EFFECT)",
      "2. KEY BENEFITS (BEYOND GLUCOSE)",
      "3. SIDE EFFECTS"
    ],
    "category": "",
    "full_text": "FILENAME: sglt2_inhibitors.txt\nSUBJECT: Sodium-Glucose Cotransporter-2 Inhibitors\nCLASS: Gliflozins\nBRANDS: Jardiance (Empagliflozin), Farxiga (Dapagliflozin), Invokana (Canagliflozin)\n\n1. MECHANISM OF ACTION (THE \"DRAIN\" EFFECT)\n-----------------------------------------------------------------------------\n* **Normal Physiology:** The kidneys filter glucose but reabsorb 90% of it back into the blood via the SGLT2 protein.\n* **Drug Action:** Blocks this reabsorption.\n* **Result:** Excess glucose is excreted in the urine (Glucosuria).\n    * *Caloric Loss:* Losing sugar in urine leads to weight loss (~200-300 kcal/day).\n\n2. KEY BENEFITS (BEYOND GLUCOSE)\n-----------------------------------------------------------------------------\n* **Cardio-Protective:** Significantly reduces risk of hospitalization for Heart Failure.\n* **Renal-Protective:** Reduces pressure in the glomerulus, preserving kidney function.\n\n3. SIDE EFFECTS\n-----------------------------------------------------------------------------\n* **Genital Yeast Infections:** Sugar in urine feeds bacteria/yeast.\n* **Dehydration/Hypotension:** Acts as a diuretic (increases urination).\n* **DKA:** Rare risk of \"Euglycemic DKA\" (DKA with normal blood sugar)."
  },
  {
    "file": "data\\sick_day_management.txt",
    "title": "FILENAME: sick_day_management.txt",
    "author": "",
    "date": "",
    "url": "",
    "headers": [
      "1. THE PHYSIOLOGY OF ILLNESS",
      "2. THE PROTOCOL",
      "3. WHEN TO CALL THE DOCTOR"
    ],
    "category": "",
    "full_text": "FILENAME: sick_day_management.txt\nSUBJECT: Managing Diabetes During Illness/Infection\nRISK: Stress Hormones elevate Glucose\n\n1. THE PHYSIOLOGY OF ILLNESS\n-----------------------------------------------------------------------------\nWhen sick (flu, infection, fever), the body releases stress hormones (cortisol, epinephrine). These hormones cause the liver to release glucose to fight the illness, causing blood sugar to spike, even if the patient isn't eating.\n\n2. THE PROTOCOL\n-----------------------------------------------------------------------------\n* **Never Stop Insulin:** Even if you are vomiting and can't eat, your body needs basal insulin to prevent DKA.\n* **Frequent Testing:** Check glucose every 2\u20134 hours.\n* **Ketone Testing:** Check urine/blood for ketones if glucose >240 mg/dL.\n* **Hydration:** Drink 8oz of sugar-free fluid every hour.\n\n3. WHEN TO CALL THE DOCTOR\n-----------------------------------------------------------------------------\n* Vomiting/Diarrhea for more than 6 hours.\n* Moderate to large ketones in urine.\n* Blood glucose stays >250 mg/dL despite extra insulin."
  },
  {
    "file": "data\\type2_risk_factors.txt",
    "title": "FILENAME: type2_risk_factors.txt",
    "author": "",
    "date": "",
    "url": "",
    "headers": [
      "1. NON-MODIFIABLE RISK FACTORS (BIOLOGICAL HARDWIRING)",
      "2. MODIFIABLE RISK FACTORS (LIFESTYLE DRIVERS)",
      "3. MEDICAL HISTORY & METABOLIC MARKERS",
      "4. EMERGING RISK FACTORS",
      "END OF FILE"
    ],
    "category": "",
    "full_text": "FILENAME: type2_risk_factors.txt\nSUBJECT: Comprehensive Risk Profile for Type 2 Diabetes (T2DM)\nCATEGORIES: Modifiable (Lifestyle), Non-Modifiable (Genetic/Biologic), and Medical History\n\n1. NON-MODIFIABLE RISK FACTORS (BIOLOGICAL HARDWIRING)\n-----------------------------------------------------------------------------\nThese factors determine your baseline genetic susceptibility.\n\nA. Genetics and Family History\n   * **Risk:** Having a first-degree relative (parent or sibling) with T2DM increases risk by 2-6x.\n   * **Mechanism:** Genetic variants (e.g., TCF7L2 gene) affect beta-cell function (insulin production) and insulin sensitivity.\n\nB. Ethnicity / Race\n   * **High-Risk Groups:** African American, Hispanic/Latino, Native American, and Asian American populations.\n   * **Mechanism:** - **\"Thrifty Genotype\" Hypothesis:** Evolutionary adaptation to store fat efficiently for times of famine, which backfires in modern caloric abundance.\n     - **Visceral Adiposity:** Asian populations, specifically, tend to store visceral fat at lower BMIs (\"Skinny Fat\"), leading to insulin resistance despite normal weight.\n\nC. Age\n   * **Risk:** Risk increases significantly after age 45 (though onset is appearing younger).\n   * **Mechanism:** - Mitochondrial efficiency declines with age (reduced energy burning).\n     - Pancreatic beta-cells gradually \"burn out\" and secrete less insulin over decades.\n\n2. MODIFIABLE RISK FACTORS (LIFESTYLE DRIVERS)\n-----------------------------------------------------------------------------\nThese are the primary drivers of the current global epidemic.\n\nA. Obesity and Weight Distribution\n   * **BMI Thresholds:** BMI \u2265 25 kg/m\u00b2 (general) or \u2265 23 kg/m\u00b2 (Asian Americans).\n   * **Central Obesity (The Critical Factor):**\n     - Men: Waist circumference > 40 inches.\n     - Women: Waist circumference > 35 inches.\n   * **Mechanism (Lipotoxicity):** Visceral fat (belly fat) is not inert storage; it is an active endocrine organ. It releases Free Fatty Acids (FFAs) and inflammatory cytokines (TNF-\u03b1, IL-6) that directly block insulin signaling in muscle and liver.\n\nB. Sedentary Lifestyle\n   * **Risk:** Physical activity less than 3 times/week.\n   * **Mechanism:** - Muscle contraction stimulates glucose uptake *independently* of insulin (via AMPK pathway).\n     - Inactivity leads to downregulation of GLUT4 transporters, making cells \"deaf\" to insulin signals.\n\nC. Diet (The Western Pattern)\n   * **Risk:** High intake of sugar-sweetened beverages, refined grains, and processed meats.\n   * **Mechanism:**\n     - **Glycemic Load:** Constant spikes in blood sugar force the pancreas to hyper-secrete insulin, eventually leading to beta-cell exhaustion.\n     - **Fructose:** High fructose intake drives hepatic (liver) fat accumulation (Fatty Liver), a root cause of insulin resistance.\n\n3. MEDICAL HISTORY & METABOLIC MARKERS\n-----------------------------------------------------------------------------\nExisting conditions that serve as \"warning lights\" for future diabetes.\n\nA. Prediabetes\n   * **Definition:** HbA1c 5.7% \u2013 6.4%.\n   * **Significance:** Indicates that insulin resistance is already established; beta-cell function may already be reduced by ~50%.\n\nB. Gestational Diabetes (GDM)\n   * **Risk:** History of diabetes during pregnancy or delivering a baby >9 lbs.\n   * **Significance:** Women with GDM have a ~50% lifetime risk of developing T2DM. It unmasks an underlying metabolic fragility.\n\nC. Polycystic Ovary Syndrome (PCOS)\n   * **Mechanism:** PCOS is fundamentally a state of insulin resistance. High insulin levels stimulate the ovaries to produce excess testosterone.\n\nD. Hypertension & Dyslipidemia\n   * **The \"Deadly Quartet\":** High Blood Pressure (>130/80), High Triglycerides (>250 mg/dL), and Low HDL (<35 mg/dL) often cluster with High Blood Sugar. This cluster is known as **Metabolic Syndrome**.\n\n4. EMERGING RISK FACTORS\n-----------------------------------------------------------------------------\n* **Sleep Apnea:** Chronic intermittent hypoxia (oxygen deprivation) during sleep triggers a stress response (cortisol release), which spikes blood sugar.\n* **Smoking:** Nicotine directly increases insulin resistance and abdominal fat accumulation.\n* **Chronic Stress:** Persistently elevated cortisol stimulates the liver to produce glucose (gluconeogenesis), keeping blood sugar artificially high.\n\n-----------------------------------------------------------------------------\nEND OF FILE"
  }
]